{
    "sources": [
        {
            "type": "directory",
            "source": "all",
            "prefix": "all/"
        },
        {
            "type": "directory",
            "source": "block",
            "prefix": "block/"
        },
        {
            "type": "directory",
            "source": "items",
            "prefix": "items/"
        },
        {
            "type": "directory",
            "source": "item",
            "prefix": "item/"
        },
        {
            "type": "directory",
            "source": "custom",
            "prefix": "custom/"
        },
        {
            "type": "directory",
            "source": "entity/conduit",
            "prefix": "entity/conduit/"
        },
        {
            "type": "single",
            "resource": "entity/bell/bell_body"
        },
        {
            "type": "single",
            "resource": "entity/enchanting_table_book"
        }
    ]
}